,Country,Date,Cumulative,New Deaths
0,Guinea,29-08-14,287,287
1,Guinea,05-09-14,362,75
2,Guinea,08-09-14,400,38
3,Guinea,12-09-14,403,3
4,Guinea,16-09-14,429,26
5,Guinea,18-09-14,435,6
6,Guinea,22-09-14,465,30
7,Guinea,24-09-14,468,3
8,Guinea,26-09-14,481,13
9,Guinea,01-10-14,535,54
10,Guinea,03-10-14,562,27
11,Guinea,08-10-14,587,25
12,Guinea,10-10-14,598,11
13,Guinea,15-10-14,653,55
14,Guinea,17-10-14,671,18
15,Guinea,22-10-14,710,39
16,Guinea,25-10-14,732,22
17,Guinea,05-11-14,837,105
18,Guinea,07-11-14,850,13
19,Guinea,12-11-14,934,84
20,Guinea,14-11-14,958,24
21,Guinea,19-11-14,982,24
22,Guinea,21-11-14,998,16
23,Guinea,26-11-14,1050,52
24,Guinea,01-12-14,1102,52
25,Guinea,03-12-14,1117,15
26,Guinea,10-12-14,1207,90
27,Guinea,15-12-14,1255,48
28,Guinea,17-12-14,1262,7
29,Guinea,22-12-14,1323,61
30,Guinea,23-12-14,1344,21
31,Guinea,24-12-14,1344,0
32,Guinea,26-12-14,1385,41
33,Guinea,29-12-14,1422,37
34,Guinea,30-12-14,1433,11
35,Guinea,31-12-14,1433,0
36,Guinea,02-01-15,1463,30
37,Guinea,05-01-15,1488,25
38,Guinea,06-01-15,1499,11
39,Guinea,07-01-15,1499,0
40,Guinea,08-01-15,1504,5
41,Guinea,09-01-15,1515,11
42,Guinea,12-01-15,1523,8
43,Guinea,13-01-15,1523,0
44,Guinea,14-01-15,1530,7
45,Guinea,15-01-15,1537,7
46,Guinea,16-01-15,1541,4
47,Guinea,19-01-15,1556,15
48,Guinea,20-01-15,1557,1
49,Guinea,21-01-15,1557,0
50,Guinea,22-01-15,1560,3
51,Guinea,23-01-15,1561,1
52,Guinea,26-01-15,1574,13
53,Guinea,27-01-15,1578,4
54,Guinea,28-01-15,1578,0
55,Guinea,29-01-15,1579,1
56,Guinea,30-01-15,1581,2
57,Guinea,02-02-15,1595,14
58,Guinea,03-02-15,1597,2
59,Guinea,04-02-15,1597,0
60,Guinea,05-02-15,1600,3
61,Guinea,06-02-15,1608,8
62,Guinea,10-02-15,1643,35
63,Guinea,11-02-15,1643,0
64,Guinea,12-02-15,1651,8
65,Guinea,13-02-15,1659,8
66,Guinea,16-02-15,1678,19
67,Guinea,17-02-15,1683,5
68,Guinea,18-02-15,1683,0
69,Guinea,19-02-15,1686,3
70,Guinea,20-02-15,1688,2
71,Guinea,23-02-15,1699,11
72,Guinea,25-02-15,1704,5
73,Guinea,26-02-15,1714,10
74,Guinea,27-02-15,1721,7
75,Guinea,02-03-15,1735,14
76,Guinea,04-03-15,1735,0
77,Guinea,05-03-15,1749,14
78,Guinea,06-03-15,1755,6
79,Guinea,10-03-15,1778,23
80,Guinea,11-03-15,1778,0
81,Guinea,12-03-15,1792,14
82,Guinea,13-03-15,1797,5
83,Guinea,16-03-15,1821,24
84,Guinea,17-03-15,1829,8
85,Guinea,18-03-15,1829,0
86,Guinea,20-03-15,1846,17
87,Guinea,23-03-15,1863,17
88,Guinea,24-03-15,1865,2
89,Guinea,25-03-15,1865,0
90,Guinea,26-03-15,1875,10
91,Guinea,27-03-15,1878,3
92,Guinea,07-04-15,1919,41
93,Guinea,09-04-15,1921,2
94,Guinea,13-04-15,1928,7
95,Guinea,14-04-15,1932,4
96,Guinea,15-04-15,1932,0
97,Guinea,16-04-15,1934,2
98,Guinea,17-04-15,1937,3
99,Guinea,20-04-15,1942,5
100,Guinea,21-04-15,1943,1
101,Guinea,22-04-15,1943,0
102,Guinea,23-04-15,1947,4
103,Guinea,24-04-15,1950,3
104,Guinea,27-04-15,1959,9
105,Guinea,28-04-15,1962,3
106,Guinea,30-04-15,1966,4
107,Guinea,01-05-15,1968,2
108,Guinea,04-05-15,1970,2
109,Guinea,05-05-15,1971,1
110,Guinea,06-05-15,1971,0
111,Guinea,07-05-15,1972,1
112,Guinea,08-05-15,1972,0
113,Guinea,11-05-15,1976,4
114,Guinea,12-05-15,1977,1
115,Guinea,13-05-15,1976,-1
116,Guinea,14-05-15,1980,4
117,Guinea,15-05-15,1982,2
118,Guinea,18-05-15,1986,4
119,Guinea,19-05-15,1988,2
120,Guinea,20-05-15,1988,0
121,Guinea,21-05-15,1990,2
122,Guinea,22-05-15,1993,3
123,Guinea,25-05-15,1999,6
124,Guinea,26-05-15,2001,2
125,Guinea,27-05-15,2001,0
126,Guinea,28-05-15,2004,3
127,Guinea,29-05-15,2006,2
128,Guinea,01-06-15,2009,3
129,Guinea,02-06-15,2010,1
130,Guinea,03-06-15,2010,0
131,Guinea,04-06-15,2012,2
132,Guinea,05-06-15,2012,0
133,Guinea,08-06-15,2016,4
134,Guinea,09-06-15,2018,2
135,Guinea,10-06-15,2018,0
136,Guinea,11-06-15,2021,3
137,Guinea,12-06-15,2021,0
138,Guinea,15-06-15,2024,3
139,Guinea,16-06-15,2025,1
140,Guinea,17-06-15,2025,0
141,Guinea,18-06-15,2026,1
142,Guinea,19-06-15,2027,1
143,Guinea,22-06-15,2028,1
144,Guinea,23-06-15,2030,2
145,Guinea,24-06-15,2030,0
146,Guinea,25-06-15,2037,7
147,Guinea,26-06-15,2037,0
148,Guinea,29-06-15,2039,2
149,Guinea,30-06-15,2039,0
150,Guinea,01-07-15,2039,0
151,Guinea,02-07-15,2040,1
152,Guinea,03-07-15,2042,2
153,Guinea,06-07-15,2048,6
154,Guinea,07-07-15,2049,1
155,Guinea,08-07-15,2049,0
156,Guinea,09-07-15,2055,6
157,Guinea,10-07-15,2055,0
158,Guinea,13-07-15,2056,1
159,Guinea,14-07-15,2056,0
160,Guinea,15-07-15,2056,0
161,Guinea,16-07-15,2056,0
162,Guinea,17-07-15,2059,3
163,Guinea,20-07-15,2061,2
164,Guinea,21-07-15,2062,1
165,Guinea,22-07-15,2062,0
166,Guinea,23-07-15,2066,4
167,Guinea,24-07-15,2066,0
168,Guinea,27-07-15,2068,2
169,Guinea,28-07-15,2069,1
170,Guinea,29-07-15,2069,0
171,Guinea,30-07-15,2069,0
172,Guinea,31-07-15,2069,0
173,Guinea,03-08-15,2070,1
174,Guinea,04-08-15,2070,0
175,Guinea,05-08-15,2070,0
176,Guinea,06-08-15,2072,2
177,Guinea,07-08-15,2072,0
178,Guinea,10-08-15,2072,0
179,Guinea,11-08-15,2072,0
180,Guinea,12-08-15,2072,0
181,Guinea,13-08-15,2072,0
182,Guinea,14-08-15,2072,0
183,Guinea,17-08-15,2072,0
184,Guinea,18-08-15,2072,0
185,Guinea,19-08-15,2072,0
186,Guinea,20-08-15,2074,2
187,Guinea,21-08-15,2074,0
188,Guinea,24-08-15,2075,1
189,Guinea,25-08-15,2075,0
190,Guinea,26-08-15,2075,0
191,Guinea,27-08-15,2076,1
192,Guinea,28-08-15,2076,0
193,Guinea,31-08-15,2076,0
194,Guinea,01-09-15,2077,1
195,Guinea,02-09-15,2077,0
196,Guinea,03-09-15,2077,0
197,Guinea,04-09-15,2077,0
198,Guinea,07-09-15,2078,1
199,Guinea,08-09-15,2078,0
200,Guinea,09-09-15,2078,0
201,Guinea,10-09-15,2078,0
202,Guinea,11-09-15,2078,0
203,Guinea,14-09-15,2078,0
204,Guinea,15-09-15,2078,0
205,Guinea,16-09-15,2078,0
206,Guinea,17-09-15,2078,0
207,Guinea,18-09-15,2079,1
208,Guinea,21-09-15,2079,0
209,Guinea,22-09-15,2079,0
210,Guinea,23-09-15,2079,0
211,Guinea,24-09-15,2080,1
212,Guinea,25-09-15,2080,0
213,Guinea,28-09-15,2080,0
214,Guinea,29-09-15,2080,0
215,Guinea,30-09-15,2080,0
216,Guinea,01-10-15,2080,0
217,Guinea,02-10-15,2080,0
218,Guinea,05-10-15,2081,1
219,Guinea,06-10-15,2081,0
220,Guinea,07-10-15,2081,0
221,Guinea,08-10-15,2081,0
222,Guinea,09-10-15,2081,0
223,Guinea,13-10-15,2081,0
224,Guinea,15-10-15,2081,0
225,Guinea,16-10-15,2082,1
226,Guinea,20-10-15,2082,0
227,Guinea,22-10-15,2082,0
228,Guinea,23-10-15,2082,0
229,Guinea,26-10-15,2082,0
230,Guinea,27-10-15,2082,0
231,Guinea,29-10-15,2083,1
232,Guinea,30-10-15,2083,0
233,Guinea,03-11-15,2083,0
234,Guinea,05-11-15,2083,0
235,Guinea,06-11-15,2083,0
236,Guinea,10-11-15,2083,0
237,Guinea,11-11-15,2083,0
238,Guinea,12-11-15,2083,0
239,Guinea,16-11-15,2083,0
240,Guinea,17-11-15,2083,0
241,Guinea,20-11-15,2083,0
242,Guinea,24-11-15,2083,0
243,Guinea,26-11-15,2083,0
244,Guinea,01-12-15,2083,0
245,Guinea,02-12-15,2083,0
246,Guinea,03-12-15,2083,0
247,Guinea,09-12-15,2083,0
248,Guinea,10-12-15,2083,0
249,Guinea,11-12-15,2083,0
250,Guinea,15-12-15,2083,0
251,Guinea,16-12-15,2083,0
252,Guinea,17-12-15,2083,0
253,Guinea,22-12-15,2083,0
254,Guinea,23-12-15,2083,0
255,Guinea,29-12-15,2083,0
256,Guinea,23-03-16,2083,0
257,Liberia,29-08-14,225,225
258,Liberia,05-09-14,431,206
259,Liberia,08-09-14,508,77
260,Liberia,12-09-14,498,-10
261,Liberia,16-09-14,563,65
262,Liberia,18-09-14,631,68
263,Liberia,22-09-14,670,39
264,Liberia,24-09-14,671,1
265,Liberia,26-09-14,792,121
266,Liberia,01-10-14,890,98
267,Liberia,03-10-14,934,44
268,Liberia,08-10-14,1018,84
269,Liberia,10-10-14,1072,54
270,Liberia,22-10-14,1241,169
271,Liberia,25-10-14,1241,0
272,Liberia,10-02-15,3826,2585
273,Liberia,11-02-15,3826,0
274,Liberia,12-02-15,3826,0
275,Liberia,13-02-15,3858,32
276,Mali,25-10-14,1,1
277,Mali,29-10-14,1,0
278,Mali,31-10-14,1,0
279,Mali,05-11-14,1,0
280,Mali,07-11-14,1,0
281,Mali,12-11-14,2,1
282,Mali,19-11-14,4,2
283,Mali,21-11-14,5,1
284,Mali,26-11-14,5,0
285,Nigeria,29-08-14,6,6
286,Nigeria,05-09-14,7,1
287,Nigeria,08-09-14,7,0
288,Nigeria,12-09-14,7,0
289,Nigeria,16-09-14,7,0
290,Nigeria,18-09-14,7,0
291,Nigeria,22-09-14,7,0
292,Nigeria,24-09-14,7,0
293,Nigeria,26-09-14,7,0
294,Nigeria,01-10-14,7,0
295,Nigeria,03-10-14,7,0
296,Nigeria,08-10-14,7,0
297,Nigeria,10-10-14,7,0
298,Nigeria,15-10-14,7,0
299,Nigeria,17-10-14,7,0
300,Nigeria,22-10-14,7,0
301,Nigeria,25-10-14,7,0
302,Nigeria,29-10-14,7,0
303,Nigeria,31-10-14,7,0
304,Nigeria,05-11-14,7,0
305,Nigeria,07-11-14,7,0
306,Nigeria,12-11-14,7,0
307,Nigeria,14-11-14,7,0
308,Nigeria,19-11-14,7,0
309,Nigeria,21-11-14,7,0
310,Nigeria,26-11-14,7,0
311,Nigeria,01-12-14,7,0
312,Nigeria,03-12-14,7,0
313,Nigeria,10-12-14,7,0
314,Nigeria,15-12-14,7,0
315,Nigeria,17-12-14,7,0
316,Nigeria,22-12-14,7,0
317,Nigeria,23-12-14,7,0
318,Nigeria,24-12-14,7,0
319,Nigeria,26-12-14,7,0
320,Nigeria,29-12-14,7,0
321,Nigeria,30-12-14,7,0
322,Nigeria,31-12-14,7,0
323,Nigeria,02-01-15,7,0
324,Nigeria,05-01-15,7,0
325,Nigeria,06-01-15,7,0
326,Nigeria,07-01-15,7,0
327,Nigeria,14-01-15,7,0
328,Nigeria,15-01-15,7,0
329,Nigeria,16-01-15,7,0
330,Nigeria,19-01-15,7,0
331,Nigeria,20-01-15,7,0
332,Nigeria,21-01-15,7,0
333,Nigeria,22-01-15,7,0
334,Nigeria,23-01-15,7,0
335,Nigeria,26-01-15,7,0
336,Nigeria,27-01-15,7,0
337,Nigeria,28-01-15,7,0
338,Nigeria,29-01-15,7,0
339,Nigeria,30-01-15,7,0
340,Nigeria,02-02-15,7,0
341,Nigeria,03-02-15,7,0
342,Nigeria,04-02-15,7,0
343,Nigeria,05-02-15,7,0
344,Nigeria,06-02-15,7,0
345,Nigeria,10-02-15,7,0
346,Nigeria,11-02-15,7,0
347,Nigeria,12-02-15,7,0
348,Nigeria,13-02-15,7,0
349,Nigeria,16-02-15,7,0
350,Nigeria,17-02-15,7,0
351,Nigeria,18-02-15,7,0
352,Nigeria,19-02-15,7,0
353,Nigeria,20-02-15,7,0
354,Nigeria,23-02-15,7,0
355,Nigeria,25-02-15,7,0
356,Nigeria,26-02-15,7,0
357,Nigeria,27-02-15,7,0
358,Nigeria,02-03-15,7,0
359,Nigeria,04-03-15,7,0
360,Nigeria,05-03-15,7,0
361,Nigeria,06-03-15,7,0
362,Nigeria,10-03-15,7,0
363,Nigeria,11-03-15,7,0
364,Nigeria,12-03-15,7,0
365,Nigeria,13-03-15,7,0
366,Nigeria,16-03-15,7,0
367,Nigeria,17-03-15,7,0
368,Nigeria,18-03-15,7,0
369,Nigeria,20-03-15,7,0
370,Nigeria,23-03-15,7,0
371,Nigeria,24-03-15,7,0
372,Nigeria,25-03-15,7,0
373,Nigeria,26-03-15,7,0
374,Nigeria,27-03-15,7,0
375,Nigeria,07-04-15,7,0
376,Nigeria,09-04-15,7,0
377,Nigeria,13-04-15,7,0
378,Nigeria,14-04-15,7,0
379,Nigeria,15-04-15,7,0
380,Nigeria,16-04-15,7,0
381,Nigeria,17-04-15,7,0
382,Nigeria,20-04-15,7,0
383,Nigeria,21-04-15,7,0
384,Nigeria,22-04-15,7,0
385,Nigeria,23-04-15,7,0
386,Nigeria,24-04-15,7,0
387,Nigeria,27-04-15,7,0
388,Nigeria,28-04-15,7,0
389,Nigeria,30-04-15,7,0
390,Nigeria,01-05-15,7,0
391,Nigeria,04-05-15,7,0
392,Nigeria,05-05-15,7,0
393,Nigeria,06-05-15,7,0
394,Nigeria,07-05-15,7,0
395,Nigeria,08-05-15,7,0
396,Nigeria,11-05-15,7,0
397,Nigeria,12-05-15,7,0
398,Nigeria,13-05-15,7,0
399,Nigeria,14-05-15,7,0
400,Nigeria,15-05-15,7,0
401,Nigeria,18-05-15,7,0
402,Nigeria,19-05-15,7,0
403,Nigeria,20-05-15,7,0
404,Nigeria,21-05-15,7,0
405,Nigeria,22-05-15,7,0
406,Nigeria,25-05-15,7,0
407,Nigeria,26-05-15,7,0
408,Nigeria,27-05-15,7,0
409,Nigeria,28-05-15,7,0
410,Nigeria,29-05-15,7,0
411,Nigeria,01-06-15,7,0
412,Nigeria,02-06-15,7,0
413,Nigeria,03-06-15,7,0
414,Nigeria,04-06-15,7,0
415,Nigeria,05-06-15,7,0
416,Nigeria,08-06-15,7,0
417,Nigeria,09-06-15,7,0
418,Nigeria,10-06-15,7,0
419,Nigeria,11-06-15,7,0
420,Nigeria,12-06-15,7,0
421,Nigeria,15-06-15,7,0
422,Nigeria,16-06-15,7,0
423,Nigeria,17-06-15,7,0
424,Nigeria,18-06-15,7,0
425,Nigeria,19-06-15,7,0
426,Nigeria,22-06-15,7,0
427,Nigeria,23-06-15,7,0
428,Nigeria,24-06-15,7,0
429,Nigeria,25-06-15,7,0
430,Nigeria,26-06-15,7,0
431,Nigeria,29-06-15,7,0
432,Nigeria,30-06-15,7,0
433,Nigeria,01-07-15,7,0
434,Nigeria,02-07-15,7,0
435,Nigeria,03-07-15,7,0
436,Nigeria,06-07-15,7,0
437,Nigeria,07-07-15,7,0
438,Nigeria,08-07-15,7,0
439,Nigeria,09-07-15,7,0
440,Nigeria,10-07-15,7,0
441,Nigeria,13-07-15,7,0
442,Nigeria,14-07-15,7,0
443,Nigeria,15-07-15,7,0
444,Nigeria,16-07-15,7,0
445,Nigeria,17-07-15,7,0
446,Nigeria,20-07-15,7,0
447,Nigeria,21-07-15,7,0
448,Nigeria,22-07-15,7,0
449,Nigeria,23-07-15,7,0
450,Nigeria,24-07-15,7,0
451,Nigeria,27-07-15,7,0
452,Nigeria,28-07-15,7,0
453,Nigeria,29-07-15,7,0
454,Nigeria,30-07-15,7,0
455,Nigeria,31-07-15,7,0
456,Nigeria,03-08-15,7,0
457,Nigeria,04-08-15,7,0
458,Nigeria,05-08-15,7,0
459,Nigeria,06-08-15,7,0
460,Nigeria,07-08-15,7,0
461,Nigeria,10-08-15,7,0
462,Nigeria,11-08-15,7,0
463,Nigeria,12-08-15,7,0
464,Nigeria,13-08-15,7,0
465,Nigeria,14-08-15,7,0
466,Nigeria,17-08-15,7,0
467,Nigeria,18-08-15,7,0
468,Nigeria,19-08-15,7,0
469,Nigeria,20-08-15,7,0
470,Nigeria,21-08-15,7,0
471,Nigeria,24-08-15,7,0
472,Nigeria,25-08-15,7,0
473,Nigeria,26-08-15,7,0
474,Nigeria,27-08-15,7,0
475,Nigeria,28-08-15,7,0
476,Nigeria,31-08-15,7,0
477,Nigeria,01-09-15,7,0
478,Nigeria,02-09-15,7,0
479,Nigeria,03-09-15,7,0
480,Nigeria,04-09-15,7,0
481,Nigeria,07-09-15,7,0
482,Nigeria,08-09-15,7,0
483,Nigeria,09-09-15,7,0
484,Nigeria,10-09-15,7,0
485,Nigeria,11-09-15,7,0
486,Nigeria,14-09-15,7,0
487,Nigeria,15-09-15,7,0
488,Nigeria,16-09-15,7,0
489,Nigeria,17-09-15,7,0
490,Nigeria,18-09-15,7,0
491,Nigeria,21-09-15,7,0
492,Nigeria,22-09-15,7,0
493,Nigeria,23-09-15,7,0
494,Nigeria,24-09-15,7,0
495,Nigeria,25-09-15,7,0
496,Nigeria,28-09-15,7,0
497,Nigeria,29-09-15,7,0
498,Nigeria,30-09-15,7,0
499,Nigeria,01-10-15,7,0
500,Nigeria,02-10-15,7,0
501,Nigeria,05-10-15,7,0
502,Nigeria,06-10-15,7,0
503,Nigeria,07-10-15,7,0
504,Nigeria,08-10-15,7,0
505,Nigeria,09-10-15,7,0
506,Nigeria,13-10-15,7,0
507,Nigeria,15-10-15,7,0
508,Nigeria,16-10-15,7,0
509,Nigeria,20-10-15,7,0
510,Nigeria,22-10-15,7,0
511,Nigeria,23-10-15,7,0
512,Nigeria,26-10-15,7,0
513,Nigeria,27-10-15,7,0
514,Nigeria,29-10-15,7,0
515,Nigeria,30-10-15,7,0
516,Nigeria,03-11-15,7,0
517,Nigeria,05-11-15,7,0
518,Nigeria,06-11-15,7,0
519,Nigeria,10-11-15,7,0
520,Nigeria,11-11-15,7,0
521,Nigeria,12-11-15,7,0
522,Nigeria,16-11-15,7,0
523,Nigeria,17-11-15,7,0
524,Nigeria,20-11-15,7,0
525,Nigeria,24-11-15,7,0
526,Nigeria,26-11-15,7,0
527,Nigeria,01-12-15,7,0
528,Nigeria,02-12-15,7,0
529,Nigeria,03-12-15,7,0
530,Nigeria,09-12-15,7,0
531,Nigeria,10-12-15,7,0
532,Nigeria,11-12-15,7,0
533,Nigeria,15-12-15,7,0
534,Nigeria,16-12-15,7,0
535,Nigeria,17-12-15,7,0
536,Nigeria,22-12-15,7,0
537,Nigeria,23-12-15,7,0
538,Nigeria,29-12-15,7,0
539,Nigeria,23-03-16,7,0
540,Senegal,05-09-14,0,0
541,Senegal,08-09-14,0,0
542,Senegal,12-09-14,0,0
543,Senegal,16-09-14,0,0
544,Senegal,18-09-14,0,0
545,Senegal,22-09-14,0,0
546,Senegal,24-09-14,0,0
547,Senegal,26-09-14,0,0
548,Senegal,01-10-14,0,0
549,Senegal,03-10-14,0,0
550,Senegal,08-10-14,0,0
551,Senegal,10-10-14,0,0
552,Senegal,15-10-14,0,0
553,Senegal,17-10-14,0,0
554,Senegal,22-10-14,0,0
555,Senegal,25-10-14,0,0
556,Senegal,29-10-14,0,0
557,Senegal,31-10-14,0,0
558,Senegal,05-11-14,0,0
559,Senegal,07-11-14,0,0
560,Senegal,12-11-14,0,0
561,Senegal,14-11-14,0,0
562,Senegal,19-11-14,0,0
563,Senegal,21-11-14,0,0
564,Senegal,26-11-14,0,0
565,Senegal,01-12-14,0,0
566,Senegal,03-12-14,0,0
567,Senegal,10-12-14,0,0
568,Senegal,15-12-14,0,0
569,Senegal,17-12-14,0,0
570,Senegal,22-12-14,0,0
571,Senegal,23-12-14,0,0
572,Senegal,24-12-14,0,0
573,Senegal,26-12-14,0,0
574,Senegal,29-12-14,0,0
575,Senegal,30-12-14,0,0
576,Senegal,31-12-14,0,0
577,Senegal,02-01-15,0,0
578,Senegal,05-01-15,0,0
579,Senegal,06-01-15,0,0
580,Senegal,07-01-15,0,0
581,Senegal,14-01-15,0,0
582,Senegal,15-01-15,0,0
583,Senegal,16-01-15,0,0
584,Senegal,19-01-15,0,0
585,Senegal,20-01-15,0,0
586,Senegal,21-01-15,0,0
587,Senegal,22-01-15,0,0
588,Senegal,23-01-15,0,0
589,Senegal,26-01-15,0,0
590,Senegal,27-01-15,0,0
591,Senegal,28-01-15,0,0
592,Senegal,29-01-15,0,0
593,Senegal,30-01-15,0,0
594,Senegal,02-02-15,0,0
595,Senegal,03-02-15,0,0
596,Senegal,04-02-15,0,0
597,Senegal,05-02-15,0,0
598,Senegal,06-02-15,0,0
599,Senegal,10-02-15,0,0
600,Senegal,11-02-15,0,0
601,Senegal,12-02-15,0,0
602,Senegal,13-02-15,0,0
603,Senegal,16-02-15,0,0
604,Senegal,17-02-15,0,0
605,Senegal,18-02-15,0,0
606,Senegal,19-02-15,0,0
607,Senegal,20-02-15,0,0
608,Senegal,23-02-15,0,0
609,Senegal,25-02-15,0,0
610,Senegal,26-02-15,0,0
611,Senegal,27-02-15,0,0
612,Senegal,02-03-15,0,0
613,Senegal,04-03-15,0,0
614,Senegal,05-03-15,0,0
615,Senegal,06-03-15,0,0
616,Senegal,10-03-15,0,0
617,Senegal,11-03-15,0,0
618,Senegal,12-03-15,0,0
619,Senegal,13-03-15,0,0
620,Senegal,16-03-15,0,0
621,Senegal,17-03-15,0,0
622,Senegal,18-03-15,0,0
623,Senegal,20-03-15,0,0
624,Senegal,23-03-15,0,0
625,Senegal,24-03-15,0,0
626,Senegal,25-03-15,0,0
627,Senegal,26-03-15,0,0
628,Senegal,27-03-15,0,0
629,Senegal,07-04-15,0,0
630,Senegal,09-04-15,0,0
631,Senegal,13-04-15,0,0
632,Senegal,14-04-15,0,0
633,Senegal,15-04-15,0,0
634,Senegal,16-04-15,0,0
635,Senegal,17-04-15,0,0
636,Senegal,20-04-15,0,0
637,Senegal,21-04-15,0,0
638,Senegal,22-04-15,0,0
639,Senegal,23-04-15,0,0
640,Senegal,24-04-15,0,0
641,Senegal,27-04-15,0,0
642,Senegal,28-04-15,0,0
643,Senegal,30-04-15,0,0
644,Senegal,01-05-15,0,0
645,Senegal,04-05-15,0,0
646,Senegal,05-05-15,0,0
647,Senegal,06-05-15,0,0
648,Senegal,07-05-15,0,0
649,Senegal,08-05-15,0,0
650,Senegal,11-05-15,0,0
651,Senegal,12-05-15,0,0
652,Senegal,13-05-15,0,0
653,Senegal,14-05-15,0,0
654,Senegal,15-05-15,0,0
655,Senegal,18-05-15,0,0
656,Senegal,19-05-15,0,0
657,Senegal,20-05-15,0,0
658,Senegal,21-05-15,0,0
659,Senegal,22-05-15,0,0
660,Senegal,25-05-15,0,0
661,Senegal,26-05-15,0,0
662,Senegal,27-05-15,0,0
663,Senegal,28-05-15,0,0
664,Senegal,29-05-15,0,0
665,Senegal,01-06-15,0,0
666,Senegal,02-06-15,0,0
667,Senegal,03-06-15,0,0
668,Senegal,04-06-15,0,0
669,Senegal,05-06-15,0,0
670,Senegal,08-06-15,0,0
671,Senegal,09-06-15,0,0
672,Senegal,10-06-15,0,0
673,Senegal,11-06-15,0,0
674,Senegal,12-06-15,0,0
675,Senegal,15-06-15,0,0
676,Senegal,16-06-15,0,0
677,Senegal,17-06-15,0,0
678,Senegal,18-06-15,0,0
679,Senegal,19-06-15,0,0
680,Senegal,22-06-15,0,0
681,Senegal,23-06-15,0,0
682,Senegal,24-06-15,0,0
683,Senegal,25-06-15,0,0
684,Senegal,26-06-15,0,0
685,Senegal,29-06-15,0,0
686,Senegal,30-06-15,0,0
687,Senegal,01-07-15,0,0
688,Senegal,02-07-15,0,0
689,Senegal,03-07-15,0,0
690,Senegal,06-07-15,0,0
691,Senegal,07-07-15,0,0
692,Senegal,08-07-15,0,0
693,Senegal,09-07-15,0,0
694,Senegal,10-07-15,0,0
695,Senegal,13-07-15,0,0
696,Senegal,14-07-15,0,0
697,Senegal,15-07-15,0,0
698,Senegal,16-07-15,0,0
699,Senegal,17-07-15,0,0
700,Senegal,20-07-15,0,0
701,Senegal,21-07-15,0,0
702,Senegal,22-07-15,0,0
703,Senegal,23-07-15,0,0
704,Senegal,24-07-15,0,0
705,Senegal,27-07-15,0,0
706,Senegal,28-07-15,0,0
707,Senegal,29-07-15,0,0
708,Senegal,30-07-15,0,0
709,Senegal,31-07-15,0,0
710,Senegal,03-08-15,0,0
711,Senegal,04-08-15,0,0
712,Senegal,05-08-15,0,0
713,Senegal,06-08-15,0,0
714,Senegal,07-08-15,0,0
715,Senegal,10-08-15,0,0
716,Senegal,11-08-15,0,0
717,Senegal,12-08-15,0,0
718,Senegal,13-08-15,0,0
719,Senegal,14-08-15,0,0
720,Senegal,17-08-15,0,0
721,Senegal,18-08-15,0,0
722,Senegal,19-08-15,0,0
723,Senegal,20-08-15,0,0
724,Senegal,21-08-15,0,0
725,Senegal,24-08-15,0,0
726,Senegal,25-08-15,0,0
727,Senegal,26-08-15,0,0
728,Senegal,27-08-15,0,0
729,Senegal,28-08-15,0,0
730,Senegal,31-08-15,0,0
731,Senegal,01-09-15,0,0
732,Senegal,02-09-15,0,0
733,Senegal,03-09-15,0,0
734,Senegal,04-09-15,0,0
735,Senegal,07-09-15,0,0
736,Senegal,08-09-15,0,0
737,Senegal,09-09-15,0,0
738,Senegal,10-09-15,0,0
739,Senegal,11-09-15,0,0
740,Senegal,14-09-15,0,0
741,Senegal,15-09-15,0,0
742,Senegal,16-09-15,0,0
743,Senegal,17-09-15,0,0
744,Senegal,18-09-15,0,0
745,Senegal,21-09-15,0,0
746,Senegal,22-09-15,0,0
747,Senegal,23-09-15,0,0
748,Senegal,24-09-15,0,0
749,Senegal,25-09-15,0,0
750,Senegal,28-09-15,0,0
751,Senegal,29-09-15,0,0
752,Senegal,30-09-15,0,0
753,Senegal,01-10-15,0,0
754,Senegal,02-10-15,0,0
755,Senegal,05-10-15,0,0
756,Senegal,06-10-15,0,0
757,Senegal,07-10-15,0,0
758,Senegal,08-10-15,0,0
759,Senegal,09-10-15,0,0
760,Senegal,13-10-15,0,0
761,Senegal,15-10-15,0,0
762,Senegal,16-10-15,0,0
763,Senegal,20-10-15,0,0
764,Senegal,22-10-15,0,0
765,Senegal,23-10-15,0,0
766,Senegal,26-10-15,0,0
767,Senegal,27-10-15,0,0
768,Senegal,29-10-15,0,0
769,Senegal,30-10-15,0,0
770,Senegal,03-11-15,0,0
771,Senegal,05-11-15,0,0
772,Senegal,06-11-15,0,0
773,Senegal,10-11-15,0,0
774,Senegal,11-11-15,0,0
775,Senegal,12-11-15,0,0
776,Senegal,16-11-15,0,0
777,Senegal,17-11-15,0,0
778,Senegal,20-11-15,0,0
779,Senegal,24-11-15,0,0
780,Senegal,26-11-15,0,0
781,Senegal,01-12-15,0,0
782,Senegal,02-12-15,0,0
783,Senegal,03-12-15,0,0
784,Senegal,09-12-15,0,0
785,Senegal,10-12-15,0,0
786,Senegal,11-12-15,0,0
787,Senegal,15-12-15,0,0
788,Senegal,16-12-15,0,0
789,Senegal,17-12-15,0,0
790,Senegal,22-12-15,0,0
791,Senegal,23-12-15,0,0
792,Senegal,29-12-15,0,0
793,Senegal,23-03-16,0,0
794,Sierra Leone,29-08-14,380,380
795,Sierra Leone,05-09-14,443,63
796,Sierra Leone,08-09-14,461,18
797,Sierra Leone,12-09-14,478,17
798,Sierra Leone,16-09-14,514,36
799,Sierra Leone,18-09-14,517,3
800,Sierra Leone,22-09-14,545,28
801,Sierra Leone,24-09-14,552,7
802,Sierra Leone,26-09-14,557,5
803,Sierra Leone,01-10-14,574,17
804,Sierra Leone,03-10-14,575,1
805,Sierra Leone,08-10-14,725,150
806,Sierra Leone,10-10-14,753,28
807,Sierra Leone,15-10-14,926,173
808,Sierra Leone,17-10-14,932,6
809,Sierra Leone,22-10-14,986,54
810,Sierra Leone,25-10-14,1008,22
811,Sierra Leone,05-11-14,893,-115
812,Sierra Leone,07-11-14,921,28
813,Sierra Leone,12-11-14,960,39
814,Sierra Leone,14-11-14,978,18
815,Sierra Leone,19-11-14,1041,63
816,Sierra Leone,21-11-14,1058,17
817,Sierra Leone,26-11-14,1189,131
818,Sierra Leone,01-12-14,1321,132
819,Sierra Leone,03-12-14,1374,53
820,Sierra Leone,10-12-14,1559,185
821,Sierra Leone,15-12-14,1824,265
822,Sierra Leone,17-12-14,1876,52
823,Sierra Leone,22-12-14,2190,314
824,Sierra Leone,23-12-14,2216,26
825,Sierra Leone,24-12-14,2216,0
826,Sierra Leone,26-12-14,2289,73
827,Sierra Leone,29-12-14,2366,77
828,Sierra Leone,30-12-14,2392,26
829,Sierra Leone,31-12-14,2392,0
830,Sierra Leone,02-01-15,2461,69
831,Sierra Leone,05-01-15,2549,88
832,Sierra Leone,06-01-15,2577,28
833,Sierra Leone,07-01-15,2577,0
834,Sierra Leone,08-01-15,2611,34
835,Sierra Leone,09-01-15,2611,0
836,Sierra Leone,12-01-15,2683,72
837,Sierra Leone,13-01-15,2683,0
838,Sierra Leone,14-01-15,2696,13
839,Sierra Leone,15-01-15,2701,5
840,Sierra Leone,16-01-15,2717,16
841,Sierra Leone,19-01-15,2766,49
842,Sierra Leone,20-01-15,2779,13
843,Sierra Leone,21-01-15,2779,0
844,Sierra Leone,22-01-15,2787,8
845,Sierra Leone,23-01-15,2793,6
846,Sierra Leone,26-01-15,2829,36
847,Sierra Leone,27-01-15,2833,4
848,Sierra Leone,28-01-15,2833,0
849,Sierra Leone,29-01-15,2841,8
850,Sierra Leone,30-01-15,2850,9
851,Sierra Leone,02-02-15,2908,58
852,Sierra Leone,03-02-15,2910,2
853,Sierra Leone,04-02-15,2910,0
854,Sierra Leone,05-02-15,2920,10
855,Sierra Leone,06-02-15,2935,15
856,Sierra Leone,10-02-15,2975,40
857,Sierra Leone,11-02-15,2975,0
858,Sierra Leone,12-02-15,2984,9
859,Sierra Leone,13-02-15,2997,13
860,Sierra Leone,16-02-15,3035,38
861,Sierra Leone,17-02-15,3042,7
862,Sierra Leone,18-02-15,3042,0
863,Sierra Leone,19-02-15,3057,15
864,Sierra Leone,20-02-15,3057,0
865,Sierra Leone,23-02-15,3057,0
866,Sierra Leone,25-02-15,3095,38
867,Sierra Leone,26-02-15,3113,18
868,Sierra Leone,27-02-15,3124,11
869,Sierra Leone,02-03-15,3164,40
870,Sierra Leone,04-03-15,3164,0
871,Sierra Leone,05-03-15,3199,35
872,Sierra Leone,06-03-15,3210,11
873,Sierra Leone,10-03-15,3263,53
874,Sierra Leone,11-03-15,3263,0
875,Sierra Leone,12-03-15,3289,26
876,Sierra Leone,13-03-15,3297,8
877,Sierra Leone,16-03-15,3321,24
878,Sierra Leone,17-03-15,3325,4
879,Sierra Leone,18-03-15,3325,0
880,Sierra Leone,20-03-15,3346,21
881,Sierra Leone,23-03-15,3376,30
882,Sierra Leone,24-03-15,3381,5
883,Sierra Leone,25-03-15,3381,0
884,Sierra Leone,26-03-15,3398,17
885,Sierra Leone,27-03-15,3407,9
886,Sierra Leone,07-04-15,3466,59
887,Sierra Leone,09-04-15,3475,9
888,Sierra Leone,13-04-15,3488,13
889,Sierra Leone,14-04-15,3491,3
890,Sierra Leone,15-04-15,3491,0
891,Sierra Leone,16-04-15,3499,8
892,Sierra Leone,17-04-15,3499,0
893,Sierra Leone,20-04-15,3506,7
894,Sierra Leone,21-04-15,3511,5
895,Sierra Leone,22-04-15,3511,0
896,Sierra Leone,23-04-15,3519,8
897,Sierra Leone,24-04-15,3520,1
898,Sierra Leone,27-04-15,3529,9
899,Sierra Leone,28-04-15,3533,4
900,Sierra Leone,30-04-15,3535,2
901,Sierra Leone,01-05-15,3535,0
902,Sierra Leone,04-05-15,3536,1
903,Sierra Leone,05-05-15,3537,1
904,Sierra Leone,06-05-15,3537,0
905,Sierra Leone,07-05-15,3538,1
906,Sierra Leone,08-05-15,3538,0
907,Sierra Leone,11-05-15,3538,0
908,Sierra Leone,12-05-15,3538,0
909,Sierra Leone,13-05-15,3538,0
910,Sierra Leone,14-05-15,3538,0
911,Sierra Leone,15-05-15,3538,0
912,Sierra Leone,18-05-15,3540,2
913,Sierra Leone,19-05-15,3541,1
914,Sierra Leone,20-05-15,3541,0
915,Sierra Leone,21-05-15,3541,0
916,Sierra Leone,22-05-15,3541,0
917,Sierra Leone,25-05-15,3542,1
918,Sierra Leone,26-05-15,3542,0
919,Sierra Leone,27-05-15,3542,0
920,Sierra Leone,28-05-15,3545,3
921,Sierra Leone,29-05-15,3545,0
922,Sierra Leone,01-06-15,3545,0
923,Sierra Leone,02-06-15,3546,1
924,Sierra Leone,03-06-15,3546,0
925,Sierra Leone,04-06-15,3546,0
926,Sierra Leone,05-06-15,3546,0
927,Sierra Leone,08-06-15,3547,1
928,Sierra Leone,09-06-15,3549,2
929,Sierra Leone,10-06-15,3549,0
930,Sierra Leone,11-06-15,3551,2
931,Sierra Leone,12-06-15,3551,0
932,Sierra Leone,15-06-15,3553,2
933,Sierra Leone,16-06-15,3553,0
934,Sierra Leone,17-06-15,3553,0
935,Sierra Leone,18-06-15,3556,3
936,Sierra Leone,19-06-15,3560,4
937,Sierra Leone,22-06-15,3562,2
938,Sierra Leone,23-06-15,3562,0
939,Sierra Leone,24-06-15,3562,0
940,Sierra Leone,25-06-15,3565,3
941,Sierra Leone,26-06-15,3565,0
942,Sierra Leone,29-06-15,3566,1
943,Sierra Leone,30-06-15,3566,0
944,Sierra Leone,01-07-15,3566,0
945,Sierra Leone,02-07-15,3567,1
946,Sierra Leone,03-07-15,3569,2
947,Sierra Leone,06-07-15,3574,5
948,Sierra Leone,07-07-15,3574,0
949,Sierra Leone,08-07-15,3574,0
950,Sierra Leone,09-07-15,3575,1
951,Sierra Leone,10-07-15,3575,0
952,Sierra Leone,13-07-15,3580,5
953,Sierra Leone,14-07-15,3581,1
954,Sierra Leone,15-07-15,3581,0
955,Sierra Leone,16-07-15,3581,0
956,Sierra Leone,17-07-15,3581,0
957,Sierra Leone,20-07-15,3583,2
958,Sierra Leone,21-07-15,3583,0
959,Sierra Leone,22-07-15,3583,0
960,Sierra Leone,23-07-15,3583,0
961,Sierra Leone,24-07-15,3583,0
962,Sierra Leone,27-07-15,3585,2
963,Sierra Leone,28-07-15,3585,0
964,Sierra Leone,29-07-15,3585,0
965,Sierra Leone,30-07-15,3585,0
966,Sierra Leone,31-07-15,3585,0
967,Sierra Leone,03-08-15,3585,0
968,Sierra Leone,04-08-15,3585,0
969,Sierra Leone,05-08-15,3585,0
970,Sierra Leone,06-08-15,3585,0
971,Sierra Leone,07-08-15,3585,0
972,Sierra Leone,10-08-15,3585,0
973,Sierra Leone,11-08-15,3585,0
974,Sierra Leone,12-08-15,3585,0
975,Sierra Leone,13-08-15,3585,0
976,Sierra Leone,14-08-15,3586,1
977,Sierra Leone,17-08-15,3586,0
978,Sierra Leone,18-08-15,3586,0
979,Sierra Leone,19-08-15,3586,0
980,Sierra Leone,20-08-15,3586,0
981,Sierra Leone,21-08-15,3586,0
982,Sierra Leone,24-08-15,3586,0
983,Sierra Leone,25-08-15,3586,0
984,Sierra Leone,26-08-15,3586,0
985,Sierra Leone,27-08-15,3586,0
986,Sierra Leone,28-08-15,3586,0
987,Sierra Leone,31-08-15,3587,1
988,Sierra Leone,01-09-15,3587,0
989,Sierra Leone,02-09-15,3587,0
990,Sierra Leone,03-09-15,3587,0
991,Sierra Leone,04-09-15,3587,0
992,Sierra Leone,07-09-15,3587,0
993,Sierra Leone,08-09-15,3587,0
994,Sierra Leone,09-09-15,3587,0
995,Sierra Leone,10-09-15,3587,0
996,Sierra Leone,11-09-15,3587,0
997,Sierra Leone,14-09-15,3587,0
998,Sierra Leone,15-09-15,3587,0
999,Sierra Leone,16-09-15,3587,0
1000,Sierra Leone,17-09-15,3589,2
1001,Sierra Leone,18-09-15,3589,0
1002,Sierra Leone,21-09-15,3589,0
1003,Sierra Leone,22-09-15,3589,0
1004,Sierra Leone,23-09-15,3589,0
1005,Sierra Leone,24-09-15,3589,0
1006,Sierra Leone,25-09-15,3589,0
1007,Sierra Leone,28-09-15,3589,0
1008,Sierra Leone,29-09-15,3589,0
1009,Sierra Leone,30-09-15,3589,0
1010,Sierra Leone,01-10-15,3589,0
1011,Sierra Leone,02-10-15,3589,0
1012,Sierra Leone,05-10-15,3589,0
1013,Sierra Leone,06-10-15,3589,0
1014,Sierra Leone,07-10-15,3589,0
1015,Sierra Leone,08-10-15,3589,0
1016,Sierra Leone,09-10-15,3589,0
1017,Sierra Leone,13-10-15,3589,0
1018,Sierra Leone,15-10-15,3589,0
1019,Sierra Leone,16-10-15,3589,0
1020,Sierra Leone,20-10-15,3589,0
1021,Sierra Leone,22-10-15,3589,0
1022,Sierra Leone,23-10-15,3589,0
1023,Sierra Leone,26-10-15,3589,0
1024,Sierra Leone,27-10-15,3589,0
1025,Sierra Leone,29-10-15,3589,0
1026,Sierra Leone,30-10-15,3589,0
1027,Sierra Leone,03-11-15,3589,0
1028,Sierra Leone,05-11-15,3589,0
1029,Sierra Leone,06-11-15,3589,0
1030,Sierra Leone,10-11-15,3589,0
1031,Sierra Leone,11-11-15,3589,0
1032,Sierra Leone,12-11-15,3589,0
1033,Sierra Leone,16-11-15,3589,0
1034,Sierra Leone,17-11-15,3589,0
1035,Sierra Leone,20-11-15,3589,0
1036,Sierra Leone,24-11-15,3589,0
1037,Sierra Leone,26-11-15,3589,0
1038,Sierra Leone,01-12-15,3589,0
1039,Sierra Leone,02-12-15,3589,0
1040,Sierra Leone,03-12-15,3589,0
1041,Sierra Leone,09-12-15,3589,0
1042,Sierra Leone,10-12-15,3589,0
1043,Sierra Leone,11-12-15,3589,0
1044,Sierra Leone,15-12-15,3589,0
1045,Sierra Leone,16-12-15,3589,0
1046,Sierra Leone,17-12-15,3589,0
1047,Sierra Leone,22-12-15,3589,0
1048,Sierra Leone,23-12-15,3589,0
1049,Sierra Leone,29-12-15,3589,0
1050,Sierra Leone,23-03-16,3589,0
1051,Spain,10-10-14,0,0
1052,Spain,15-10-14,0,0
1053,Spain,17-10-14,0,0
1054,Spain,22-10-14,0,0
1055,Spain,25-10-14,0,0
1056,Spain,29-10-14,0,0
1057,Spain,31-10-14,0,0
1058,Spain,05-11-14,0,0
1059,Spain,07-11-14,0,0
1060,Spain,12-11-14,0,0
1061,Spain,14-11-14,0,0
1062,Spain,19-11-14,0,0
1063,Spain,21-11-14,0,0
1064,Spain,26-11-14,0,0
1065,Spain,01-12-14,0,0
1066,Spain,03-12-14,0,0
1067,Spain,10-12-14,0,0
1068,Spain,15-12-14,0,0
1069,Spain,17-12-14,0,0
1070,Spain,22-12-14,0,0
1071,Spain,23-12-14,0,0
1072,Spain,24-12-14,0,0
1073,Spain,26-12-14,0,0
1074,Spain,29-12-14,0,0
1075,Spain,30-12-14,0,0
1076,Spain,31-12-14,0,0
1077,Spain,02-01-15,0,0
1078,Spain,05-01-15,0,0
1079,Spain,06-01-15,0,0
1080,Spain,07-01-15,0,0
1081,Spain,14-01-15,0,0
1082,Spain,15-01-15,0,0
1083,Spain,16-01-15,0,0
1084,Spain,19-01-15,0,0
1085,Spain,20-01-15,0,0
1086,Spain,21-01-15,0,0
1087,Spain,22-01-15,0,0
1088,Spain,23-01-15,0,0
1089,Spain,26-01-15,0,0
1090,Spain,27-01-15,0,0
1091,Spain,28-01-15,0,0
1092,Spain,29-01-15,0,0
1093,Spain,30-01-15,0,0
1094,Spain,02-02-15,0,0
1095,Spain,03-02-15,0,0
1096,Spain,04-02-15,0,0
1097,Spain,05-02-15,0,0
1098,Spain,06-02-15,0,0
1099,Spain,10-02-15,0,0
1100,Spain,11-02-15,0,0
1101,Spain,12-02-15,0,0
1102,Spain,13-02-15,0,0
1103,Spain,16-02-15,0,0
1104,Spain,17-02-15,0,0
1105,Spain,18-02-15,0,0
1106,Spain,19-02-15,0,0
1107,Spain,20-02-15,0,0
1108,Spain,23-02-15,0,0
1109,Spain,25-02-15,0,0
1110,Spain,26-02-15,0,0
1111,Spain,27-02-15,0,0
1112,Spain,02-03-15,0,0
1113,Spain,04-03-15,0,0
1114,Spain,05-03-15,0,0
1115,Spain,06-03-15,0,0
1116,Spain,10-03-15,0,0
1117,Spain,11-03-15,0,0
1118,Spain,12-03-15,0,0
1119,Spain,13-03-15,0,0
1120,Spain,16-03-15,0,0
1121,Spain,17-03-15,0,0
1122,Spain,18-03-15,0,0
1123,Spain,20-03-15,0,0
1124,Spain,23-03-15,0,0
1125,Spain,24-03-15,0,0
1126,Spain,25-03-15,0,0
1127,Spain,26-03-15,0,0
1128,Spain,27-03-15,0,0
1129,Spain,07-04-15,0,0
1130,Spain,09-04-15,0,0
1131,Spain,13-04-15,0,0
1132,Spain,14-04-15,0,0
1133,Spain,15-04-15,0,0
1134,Spain,16-04-15,0,0
1135,Spain,17-04-15,0,0
1136,Spain,20-04-15,0,0
1137,Spain,21-04-15,0,0
1138,Spain,22-04-15,0,0
1139,Spain,23-04-15,0,0
1140,Spain,24-04-15,0,0
1141,Spain,27-04-15,0,0
1142,Spain,28-04-15,0,0
1143,Spain,30-04-15,0,0
1144,Spain,01-05-15,0,0
1145,Spain,04-05-15,0,0
1146,Spain,05-05-15,0,0
1147,Spain,06-05-15,0,0
1148,Spain,07-05-15,0,0
1149,Spain,08-05-15,0,0
1150,Spain,11-05-15,0,0
1151,Spain,12-05-15,0,0
1152,Spain,13-05-15,0,0
1153,Spain,14-05-15,0,0
1154,Spain,15-05-15,0,0
1155,Spain,18-05-15,0,0
1156,Spain,19-05-15,0,0
1157,Spain,20-05-15,0,0
1158,Spain,21-05-15,0,0
1159,Spain,22-05-15,0,0
1160,Spain,25-05-15,0,0
1161,Spain,26-05-15,0,0
1162,Spain,27-05-15,0,0
1163,Spain,28-05-15,0,0
1164,Spain,29-05-15,0,0
1165,Spain,01-06-15,0,0
1166,Spain,02-06-15,0,0
1167,Spain,03-06-15,0,0
1168,Spain,04-06-15,0,0
1169,Spain,05-06-15,0,0
1170,Spain,08-06-15,0,0
1171,Spain,09-06-15,0,0
1172,Spain,10-06-15,0,0
1173,Spain,11-06-15,0,0
1174,Spain,12-06-15,0,0
1175,Spain,15-06-15,0,0
1176,Spain,16-06-15,0,0
1177,Spain,17-06-15,0,0
1178,Spain,18-06-15,0,0
1179,Spain,19-06-15,0,0
1180,Spain,22-06-15,0,0
1181,Spain,23-06-15,0,0
1182,Spain,24-06-15,0,0
1183,Spain,25-06-15,0,0
1184,Spain,26-06-15,0,0
1185,Spain,29-06-15,0,0
1186,Spain,30-06-15,0,0
1187,Spain,01-07-15,0,0
1188,Spain,02-07-15,0,0
1189,Spain,03-07-15,0,0
1190,Spain,06-07-15,0,0
1191,Spain,07-07-15,0,0
1192,Spain,08-07-15,0,0
1193,Spain,09-07-15,0,0
1194,Spain,10-07-15,0,0
1195,Spain,13-07-15,0,0
1196,Spain,14-07-15,0,0
1197,Spain,15-07-15,0,0
1198,Spain,16-07-15,0,0
1199,Spain,17-07-15,0,0
1200,Spain,20-07-15,0,0
1201,Spain,21-07-15,0,0
1202,Spain,22-07-15,0,0
1203,Spain,23-07-15,0,0
1204,Spain,24-07-15,0,0
1205,Spain,27-07-15,0,0
1206,Spain,28-07-15,0,0
1207,Spain,29-07-15,0,0
1208,Spain,30-07-15,0,0
1209,Spain,31-07-15,0,0
1210,Spain,03-08-15,0,0
1211,Spain,04-08-15,0,0
1212,Spain,05-08-15,0,0
1213,Spain,06-08-15,0,0
1214,Spain,07-08-15,0,0
1215,Spain,10-08-15,0,0
1216,Spain,11-08-15,0,0
1217,Spain,12-08-15,0,0
1218,Spain,13-08-15,0,0
1219,Spain,14-08-15,0,0
1220,Spain,17-08-15,0,0
1221,Spain,18-08-15,0,0
1222,Spain,19-08-15,0,0
1223,Spain,20-08-15,0,0
1224,Spain,21-08-15,0,0
1225,Spain,24-08-15,0,0
1226,Spain,25-08-15,0,0
1227,Spain,26-08-15,0,0
1228,Spain,27-08-15,0,0
1229,Spain,28-08-15,0,0
1230,Spain,31-08-15,0,0
1231,Spain,01-09-15,0,0
1232,Spain,02-09-15,0,0
1233,Spain,03-09-15,0,0
1234,Spain,04-09-15,0,0
1235,Spain,07-09-15,0,0
1236,Spain,08-09-15,0,0
1237,Spain,09-09-15,0,0
1238,Spain,10-09-15,0,0
1239,Spain,11-09-15,0,0
1240,Spain,14-09-15,0,0
1241,Spain,15-09-15,0,0
1242,Spain,16-09-15,0,0
1243,Spain,17-09-15,0,0
1244,Spain,18-09-15,0,0
1245,Spain,21-09-15,0,0
1246,Spain,22-09-15,0,0
1247,Spain,23-09-15,0,0
1248,Spain,24-09-15,0,0
1249,Spain,25-09-15,0,0
1250,Spain,28-09-15,0,0
1251,Spain,29-09-15,0,0
1252,Spain,30-09-15,0,0
1253,Spain,01-10-15,0,0
1254,Spain,02-10-15,0,0
1255,Spain,05-10-15,0,0
1256,Spain,06-10-15,0,0
1257,Spain,07-10-15,0,0
1258,Spain,08-10-15,0,0
1259,Spain,09-10-15,0,0
1260,Spain,13-10-15,0,0
1261,Spain,15-10-15,0,0
1262,Spain,16-10-15,0,0
1263,Spain,20-10-15,0,0
1264,Spain,22-10-15,0,0
1265,Spain,23-10-15,0,0
1266,Spain,26-10-15,0,0
1267,Spain,27-10-15,0,0
1268,Spain,29-10-15,0,0
1269,Spain,30-10-15,0,0
1270,Spain,03-11-15,0,0
1271,Spain,05-11-15,0,0
1272,Spain,06-11-15,0,0
1273,Spain,10-11-15,0,0
1274,Spain,11-11-15,0,0
1275,Spain,12-11-15,0,0
1276,Spain,16-11-15,0,0
1277,Spain,17-11-15,0,0
1278,Spain,20-11-15,0,0
1279,Spain,24-11-15,0,0
1280,Spain,26-11-15,0,0
1281,Spain,01-12-15,0,0
1282,Spain,02-12-15,0,0
1283,Spain,03-12-15,0,0
1284,Spain,09-12-15,0,0
1285,Spain,10-12-15,0,0
1286,Spain,11-12-15,0,0
1287,Spain,15-12-15,0,0
1288,Spain,16-12-15,0,0
1289,Spain,17-12-15,0,0
1290,Spain,22-12-15,0,0
1291,Spain,23-12-15,0,0
1292,Spain,29-12-15,0,0
1293,Spain,23-03-16,0,0
1294,United Kingdom,06-01-15,0,0
1295,United Kingdom,07-01-15,0,0
1296,United States of America,03-10-14,0,0
1297,United States of America,08-10-14,0,0
1298,United States of America,10-10-14,0,0
1299,United States of America,15-10-14,1,1
1300,United States of America,17-10-14,1,0
1301,United States of America,22-10-14,1,0
1302,United States of America,25-10-14,1,0
1303,United States of America,29-10-14,1,0
1304,United States of America,31-10-14,1,0
1305,United States of America,05-11-14,1,0
1306,United States of America,07-11-14,1,0
1307,United States of America,12-11-14,1,0
1308,United States of America,14-11-14,1,0
1309,United States of America,19-11-14,1,0
1310,United States of America,21-11-14,1,0
1311,United States of America,26-11-14,1,0
1312,United States of America,01-12-14,1,0
1313,United States of America,03-12-14,1,0
1314,United States of America,10-12-14,1,0
1315,United States of America,15-12-14,1,0
1316,United States of America,17-12-14,1,0
1317,United States of America,22-12-14,1,0
1318,United States of America,23-12-14,1,0
1319,United States of America,24-12-14,1,0
1320,United States of America,26-12-14,1,0
1321,United States of America,29-12-14,1,0
1322,United States of America,30-12-14,1,0
1323,United States of America,31-12-14,1,0
1324,United States of America,02-01-15,1,0
1325,United States of America,05-01-15,1,0
1326,United States of America,06-01-15,1,0
1327,United States of America,07-01-15,1,0
1328,United States of America,14-01-15,1,0
1329,United States of America,15-01-15,1,0
1330,United States of America,16-01-15,1,0
1331,United States of America,19-01-15,1,0
1332,United States of America,20-01-15,1,0
1333,United States of America,21-01-15,1,0
1334,United States of America,22-01-15,1,0
1335,United States of America,23-01-15,1,0
1336,United States of America,26-01-15,1,0
1337,United States of America,27-01-15,1,0
1338,United States of America,28-01-15,1,0
1339,United States of America,29-01-15,1,0
1340,United States of America,30-01-15,1,0
1341,United States of America,02-02-15,1,0
1342,United States of America,03-02-15,1,0
1343,United States of America,04-02-15,1,0
1344,United States of America,05-02-15,1,0
1345,United States of America,06-02-15,1,0
1346,United States of America,10-02-15,1,0
1347,United States of America,11-02-15,1,0
1348,United States of America,12-02-15,1,0
1349,United States of America,13-02-15,1,0
1350,United States of America,16-02-15,1,0
1351,United States of America,17-02-15,1,0
1352,United States of America,18-02-15,1,0
1353,United States of America,19-02-15,1,0
1354,United States of America,20-02-15,1,0
1355,United States of America,23-02-15,1,0
1356,United States of America,25-02-15,1,0
1357,United States of America,26-02-15,1,0
1358,United States of America,27-02-15,1,0
1359,United States of America,02-03-15,1,0
1360,United States of America,04-03-15,1,0
1361,United States of America,05-03-15,1,0
1362,United States of America,06-03-15,1,0
1363,United States of America,10-03-15,1,0
1364,United States of America,11-03-15,1,0
1365,United States of America,12-03-15,1,0
1366,United States of America,13-03-15,1,0
1367,United States of America,16-03-15,1,0
1368,United States of America,17-03-15,1,0
1369,United States of America,18-03-15,1,0
1370,United States of America,20-03-15,1,0
1371,United States of America,23-03-15,1,0
1372,United States of America,24-03-15,1,0
1373,United States of America,25-03-15,1,0
1374,United States of America,26-03-15,1,0
1375,United States of America,27-03-15,1,0
1376,United States of America,07-04-15,1,0
1377,United States of America,09-04-15,1,0
1378,United States of America,13-04-15,1,0
1379,United States of America,14-04-15,1,0
1380,United States of America,15-04-15,1,0
1381,United States of America,16-04-15,1,0
1382,United States of America,17-04-15,1,0
1383,United States of America,20-04-15,1,0
1384,United States of America,21-04-15,1,0
1385,United States of America,22-04-15,1,0
1386,United States of America,23-04-15,1,0
1387,United States of America,24-04-15,1,0
1388,United States of America,27-04-15,1,0
1389,United States of America,28-04-15,1,0
1390,United States of America,30-04-15,1,0
1391,United States of America,01-05-15,1,0
1392,United States of America,04-05-15,1,0
1393,United States of America,05-05-15,1,0
1394,United States of America,06-05-15,1,0
1395,United States of America,07-05-15,1,0
1396,United States of America,08-05-15,1,0
1397,United States of America,11-05-15,1,0
1398,United States of America,12-05-15,1,0
1399,United States of America,13-05-15,1,0
1400,United States of America,14-05-15,1,0
1401,United States of America,15-05-15,1,0
1402,United States of America,18-05-15,1,0
1403,United States of America,19-05-15,1,0
1404,United States of America,20-05-15,1,0
1405,United States of America,21-05-15,1,0
1406,United States of America,22-05-15,1,0
1407,United States of America,25-05-15,1,0
1408,United States of America,26-05-15,1,0
1409,United States of America,27-05-15,1,0
1410,United States of America,28-05-15,1,0
1411,United States of America,29-05-15,1,0
1412,United States of America,01-06-15,1,0
1413,United States of America,02-06-15,1,0
1414,United States of America,03-06-15,1,0
1415,United States of America,04-06-15,1,0
1416,United States of America,05-06-15,1,0
1417,United States of America,08-06-15,1,0
1418,United States of America,09-06-15,1,0
1419,United States of America,10-06-15,1,0
1420,United States of America,11-06-15,1,0
1421,United States of America,12-06-15,1,0
1422,United States of America,15-06-15,1,0
1423,United States of America,16-06-15,1,0
1424,United States of America,17-06-15,1,0
1425,United States of America,18-06-15,1,0
1426,United States of America,19-06-15,1,0
1427,United States of America,22-06-15,1,0
1428,United States of America,23-06-15,1,0
1429,United States of America,24-06-15,1,0
1430,United States of America,25-06-15,1,0
1431,United States of America,26-06-15,1,0
1432,United States of America,29-06-15,1,0
1433,United States of America,30-06-15,1,0
1434,United States of America,01-07-15,1,0
1435,United States of America,02-07-15,1,0
1436,United States of America,03-07-15,1,0
1437,United States of America,06-07-15,1,0
1438,United States of America,07-07-15,1,0
1439,United States of America,08-07-15,1,0
1440,United States of America,09-07-15,1,0
1441,United States of America,10-07-15,1,0
1442,United States of America,13-07-15,1,0
1443,United States of America,14-07-15,1,0
1444,United States of America,15-07-15,1,0
1445,United States of America,16-07-15,1,0
1446,United States of America,17-07-15,1,0
1447,United States of America,20-07-15,1,0
1448,United States of America,21-07-15,1,0
1449,United States of America,22-07-15,1,0
1450,United States of America,23-07-15,1,0
1451,United States of America,24-07-15,1,0
1452,United States of America,27-07-15,1,0
1453,United States of America,28-07-15,1,0
1454,United States of America,29-07-15,1,0
1455,United States of America,30-07-15,1,0
1456,United States of America,31-07-15,1,0
1457,United States of America,03-08-15,1,0
1458,United States of America,04-08-15,1,0
1459,United States of America,05-08-15,1,0
1460,United States of America,06-08-15,1,0
1461,United States of America,07-08-15,1,0
1462,United States of America,10-08-15,1,0
1463,United States of America,11-08-15,1,0
1464,United States of America,12-08-15,1,0
1465,United States of America,13-08-15,1,0
1466,United States of America,14-08-15,1,0
1467,United States of America,17-08-15,1,0
1468,United States of America,18-08-15,1,0
1469,United States of America,19-08-15,1,0
1470,United States of America,20-08-15,1,0
1471,United States of America,21-08-15,1,0
1472,United States of America,24-08-15,1,0
1473,United States of America,25-08-15,1,0
1474,United States of America,26-08-15,1,0
1475,United States of America,27-08-15,1,0
1476,United States of America,28-08-15,1,0
1477,United States of America,31-08-15,1,0
1478,United States of America,01-09-15,1,0
1479,United States of America,02-09-15,1,0
1480,United States of America,03-09-15,1,0
1481,United States of America,04-09-15,1,0
1482,United States of America,07-09-15,1,0
1483,United States of America,08-09-15,1,0
1484,United States of America,09-09-15,1,0
1485,United States of America,10-09-15,1,0
1486,United States of America,11-09-15,1,0
1487,United States of America,14-09-15,1,0
1488,United States of America,15-09-15,1,0
1489,United States of America,16-09-15,1,0
1490,United States of America,17-09-15,1,0
1491,United States of America,18-09-15,1,0
1492,United States of America,21-09-15,1,0
1493,United States of America,22-09-15,1,0
1494,United States of America,23-09-15,1,0
1495,United States of America,24-09-15,1,0
1496,United States of America,25-09-15,1,0
1497,United States of America,28-09-15,1,0
1498,United States of America,29-09-15,1,0
1499,United States of America,30-09-15,1,0
1500,United States of America,01-10-15,1,0
1501,United States of America,02-10-15,1,0
1502,United States of America,05-10-15,1,0
1503,United States of America,06-10-15,1,0
1504,United States of America,07-10-15,1,0
1505,United States of America,08-10-15,1,0
1506,United States of America,09-10-15,1,0
1507,United States of America,13-10-15,1,0
1508,United States of America,15-10-15,1,0
1509,United States of America,16-10-15,1,0
1510,United States of America,20-10-15,1,0
1511,United States of America,22-10-15,1,0
1512,United States of America,23-10-15,1,0
1513,United States of America,26-10-15,1,0
1514,United States of America,27-10-15,1,0
1515,United States of America,29-10-15,1,0
1516,United States of America,30-10-15,1,0
1517,United States of America,03-11-15,1,0
1518,United States of America,05-11-15,1,0
1519,United States of America,06-11-15,1,0
1520,United States of America,10-11-15,1,0
1521,United States of America,11-11-15,1,0
1522,United States of America,12-11-15,1,0
1523,United States of America,16-11-15,1,0
1524,United States of America,17-11-15,1,0
1525,United States of America,20-11-15,1,0
1526,United States of America,24-11-15,1,0
1527,United States of America,26-11-15,1,0
1528,United States of America,01-12-15,1,0
1529,United States of America,02-12-15,1,0
1530,United States of America,03-12-15,1,0
1531,United States of America,09-12-15,1,0
1532,United States of America,10-12-15,1,0
1533,United States of America,11-12-15,1,0
1534,United States of America,15-12-15,1,0
1535,United States of America,16-12-15,1,0
1536,United States of America,17-12-15,1,0
1537,United States of America,22-12-15,1,0
1538,United States of America,23-12-15,1,0
1539,United States of America,29-12-15,1,0
1540,United States of America,23-03-16,1,0
1541,United States of America,29-12-15,1,0
1542,United States of America,23-03-16,1,0
1543,United States of America,07-07-15,1,0
1544,United States of America,08-07-15,1,0
1545,United States of America,09-07-15,1,0
1546,United States of America,10-07-15,1,0
1547,United States of America,13-07-15,1,0
1548,United States of America,14-07-15,1,0
1549,United States of America,15-07-15,1,0
1550,United States of America,16-07-15,1,0
1551,United States of America,17-07-15,1,0
1552,United States of America,20-07-15,1,0
1553,United States of America,21-07-15,1,0
1554,United States of America,22-07-15,1,0
1555,United States of America,23-07-15,1,0
1556,United States of America,24-07-15,1,0
1557,United States of America,27-07-15,1,0
1558,United States of America,28-07-15,1,0
1559,United States of America,29-07-15,1,0
1560,United States of America,30-07-15,1,0
1561,United States of America,31-07-15,1,0
1562,United States of America,03-08-15,1,0
1563,United States of America,04-08-15,1,0
1564,United States of America,05-08-15,1,0
1565,United States of America,06-08-15,1,0
1566,United States of America,07-08-15,1,0
1567,United States of America,10-08-15,1,0
1568,United States of America,11-08-15,1,0
1569,United States of America,12-08-15,1,0
1570,United States of America,13-08-15,1,0
1571,United States of America,14-08-15,1,0
1572,United States of America,17-08-15,1,0
1573,United States of America,18-08-15,1,0
1574,United States of America,19-08-15,1,0
1575,United States of America,20-08-15,1,0
1576,United States of America,21-08-15,1,0
1577,United States of America,24-08-15,1,0
1578,United States of America,25-08-15,1,0
1579,United States of America,26-08-15,1,0
1580,United States of America,27-08-15,1,0
1581,United States of America,28-08-15,1,0
1582,United States of America,31-08-15,1,0
1583,United States of America,01-09-15,1,0
1584,United States of America,02-09-15,1,0
1585,United States of America,03-09-15,1,0
1586,United States of America,04-09-15,1,0
1587,United States of America,07-09-15,1,0
1588,United States of America,08-09-15,1,0
1589,United States of America,09-09-15,1,0
1590,United States of America,10-09-15,1,0
1591,United States of America,11-09-15,1,0
1592,United States of America,14-09-15,1,0
1593,United States of America,15-09-15,1,0
1594,United States of America,16-09-15,1,0
1595,United States of America,17-09-15,1,0
1596,United States of America,18-09-15,1,0
1597,United States of America,21-09-15,1,0
1598,United States of America,22-09-15,1,0
1599,United States of America,23-09-15,1,0
1600,United States of America,24-09-15,1,0
1601,United States of America,25-09-15,1,0
1602,United States of America,28-09-15,1,0
1603,United States of America,29-09-15,1,0
1604,United States of America,30-09-15,1,0
1605,United States of America,01-10-15,1,0
1606,United States of America,02-10-15,1,0
1607,United States of America,05-10-15,1,0
1608,United States of America,06-10-15,1,0
1609,United States of America,07-10-15,1,0
1610,United States of America,08-10-15,1,0
1611,United States of America,09-10-15,1,0
1612,United States of America,13-10-15,1,0
1613,United States of America,15-10-15,1,0
1614,United States of America,16-10-15,1,0
1615,United States of America,20-10-15,1,0
1616,United States of America,22-10-15,1,0
1617,United States of America,23-10-15,1,0
1618,United States of America,26-10-15,1,0
1619,United States of America,27-10-15,1,0
1620,United States of America,29-10-15,1,0
1621,United States of America,30-10-15,1,0
1622,United States of America,03-11-15,1,0
1623,United States of America,05-11-15,1,0
1624,United States of America,06-11-15,1,0
1625,United States of America,10-11-15,1,0
1626,United States of America,11-11-15,1,0
1627,United States of America,12-11-15,1,0
1628,United States of America,16-11-15,1,0
1629,United States of America,17-11-15,1,0
1630,United States of America,20-11-15,1,0
1631,United States of America,24-11-15,1,0
1632,United States of America,26-11-15,1,0
1633,United States of America,01-12-15,1,0
1634,United States of America,02-12-15,1,0
1635,United States of America,03-12-15,1,0
1636,United States of America,09-12-15,1,0
1637,United States of America,10-12-15,1,0
1638,United States of America,11-12-15,1,0
1639,United States of America,15-12-15,1,0
1640,United States of America,16-12-15,1,0
1641,United States of America,17-12-15,1,0
1642,United States of America,22-12-15,1,0
1643,United States of America,23-12-15,1,0
1644,United States of America,29-12-15,1,0
1645,United States of America,23-03-16,1,0
1646,United States of America,29-12-15,1,0
1647,United States of America,23-03-16,1,0
1648,Global,29-08-14,898,898
1649,Global,05-09-14,1243,345
1650,Global,08-09-14,1376,133
1651,Global,12-09-14,1386,10
1652,Global,16-09-14,1513,127
1653,Global,18-09-14,1590,77
1654,Global,22-09-14,1687,97
1655,Global,24-09-14,1698,11
1656,Global,26-09-14,1837,139
1657,Global,01-10-14,2006,169
1658,Global,03-10-14,2078,72
1659,Global,08-10-14,2337,259
1660,Global,10-10-14,2430,93
1661,Global,15-10-14,1587,229
1662,Global,17-10-14,1611,24
1663,Global,22-10-14,2945,262
1664,Global,25-10-14,2990,45
1665,Global,05-11-14,1739,-10
1666,Global,07-11-14,1780,41
1667,Global,12-11-14,1904,124
1668,Global,14-11-14,1944,42
1669,Global,19-11-14,2035,89
1670,Global,21-11-14,2069,34
1671,Global,26-11-14,2252,183
1672,Global,01-12-14,2431,184
1673,Global,03-12-14,2499,68
1674,Global,10-12-14,2774,275
1675,Global,15-12-14,3087,313
1676,Global,17-12-14,3146,59
1677,Global,22-12-14,3521,375
1678,Global,23-12-14,3568,47
1679,Global,24-12-14,3568,0
1680,Global,26-12-14,3682,114
1681,Global,29-12-14,3796,114
1682,Global,30-12-14,3833,37
1683,Global,31-12-14,3833,0
1684,Global,02-01-15,3932,99
1685,Global,05-01-15,4045,113
1686,Global,06-01-15,4084,39
1687,Global,07-01-15,4084,0
1688,Global,08-01-15,4115,39
1689,Global,09-01-15,4126,11
1690,Global,12-01-15,4206,80
1691,Global,13-01-15,4206,0
1692,Global,14-01-15,4234,20
1693,Global,15-01-15,4246,12
1694,Global,16-01-15,4266,20
1695,Global,19-01-15,4330,64
1696,Global,20-01-15,4344,14
1697,Global,21-01-15,4344,0
1698,Global,22-01-15,4355,11
1699,Global,23-01-15,4362,7
1700,Global,26-01-15,4411,49
1701,Global,27-01-15,4419,8
1702,Global,28-01-15,4419,0
1703,Global,29-01-15,4428,9
1704,Global,30-01-15,4439,11
1705,Global,02-02-15,4511,72
1706,Global,03-02-15,4515,4
1707,Global,04-02-15,4515,0
1708,Global,05-02-15,4528,13
1709,Global,06-02-15,4551,23
1710,Global,10-02-15,8452,2660
1711,Global,11-02-15,8452,0
1712,Global,12-02-15,8469,17
1713,Global,13-02-15,8522,53
1714,Global,16-02-15,4721,57
1715,Global,17-02-15,4733,12
1716,Global,18-02-15,4733,0
1717,Global,19-02-15,4751,18
1718,Global,20-02-15,4753,2
1719,Global,23-02-15,4764,11
1720,Global,25-02-15,4807,43
1721,Global,26-02-15,4835,28
1722,Global,27-02-15,4853,18
1723,Global,02-03-15,4907,54
1724,Global,04-03-15,4907,0
1725,Global,05-03-15,4956,49
1726,Global,06-03-15,4973,17
1727,Global,10-03-15,5049,76
1728,Global,11-03-15,5049,0
1729,Global,12-03-15,5089,40
1730,Global,13-03-15,5102,13
1731,Global,16-03-15,5150,48
1732,Global,17-03-15,5162,12
1733,Global,18-03-15,5162,0
1734,Global,20-03-15,5200,38
1735,Global,23-03-15,5247,47
1736,Global,24-03-15,5254,7
1737,Global,25-03-15,5254,0
1738,Global,26-03-15,5281,27
1739,Global,27-03-15,5293,12
1740,Global,07-04-15,5393,100
1741,Global,09-04-15,5404,11
1742,Global,13-04-15,5424,20
1743,Global,14-04-15,5431,7
1744,Global,15-04-15,5431,0
1745,Global,16-04-15,5441,10
1746,Global,17-04-15,5444,3
1747,Global,20-04-15,5456,12
1748,Global,21-04-15,5462,6
1749,Global,22-04-15,5462,0
1750,Global,23-04-15,5474,12
1751,Global,24-04-15,5478,4
1752,Global,27-04-15,5496,18
1753,Global,28-04-15,5503,7
1754,Global,30-04-15,5509,6
1755,Global,01-05-15,5511,2
1756,Global,04-05-15,5514,3
1757,Global,05-05-15,5516,2
1758,Global,06-05-15,5516,0
1759,Global,07-05-15,5518,2
1760,Global,08-05-15,5518,0
1761,Global,11-05-15,5522,4
1762,Global,12-05-15,5523,1
1763,Global,13-05-15,5522,-1
1764,Global,14-05-15,5526,4
1765,Global,15-05-15,5528,2
1766,Global,18-05-15,5534,6
1767,Global,19-05-15,5537,3
1768,Global,20-05-15,5537,0
1769,Global,21-05-15,5539,2
1770,Global,22-05-15,5542,3
1771,Global,25-05-15,5549,7
1772,Global,26-05-15,5551,2
1773,Global,27-05-15,5551,0
1774,Global,28-05-15,5557,6
1775,Global,29-05-15,5559,2
1776,Global,01-06-15,5562,3
1777,Global,02-06-15,5564,2
1778,Global,03-06-15,5564,0
1779,Global,04-06-15,5566,2
1780,Global,05-06-15,5566,0
1781,Global,08-06-15,5571,5
1782,Global,09-06-15,5575,4
1783,Global,10-06-15,5575,0
1784,Global,11-06-15,5580,5
1785,Global,12-06-15,5580,0
1786,Global,15-06-15,5585,5
1787,Global,16-06-15,5586,1
1788,Global,17-06-15,5586,0
1789,Global,18-06-15,5590,4
1790,Global,19-06-15,5595,5
1791,Global,22-06-15,5598,3
1792,Global,23-06-15,5600,2
1793,Global,24-06-15,5600,0
1794,Global,25-06-15,5610,10
1795,Global,26-06-15,5610,0
1796,Global,29-06-15,5613,3
1797,Global,30-06-15,5613,0
1798,Global,01-07-15,5613,0
1799,Global,02-07-15,5615,2
1800,Global,03-07-15,5619,4
1801,Global,06-07-15,5630,11
1802,Global,07-07-15,5632,1
1803,Global,08-07-15,5632,0
1804,Global,09-07-15,5639,7
1805,Global,10-07-15,5639,0
1806,Global,13-07-15,5645,6
1807,Global,14-07-15,5646,1
1808,Global,15-07-15,5646,0
1809,Global,16-07-15,5646,0
1810,Global,17-07-15,5649,3
1811,Global,20-07-15,5653,4
1812,Global,21-07-15,5654,1
1813,Global,22-07-15,5654,0
1814,Global,23-07-15,5658,4
1815,Global,24-07-15,5658,0
1816,Global,27-07-15,5662,4
1817,Global,28-07-15,5663,1
1818,Global,29-07-15,5663,0
1819,Global,30-07-15,5663,0
1820,Global,31-07-15,5663,0
1821,Global,03-08-15,5664,1
1822,Global,04-08-15,5664,0
1823,Global,05-08-15,5664,0
1824,Global,06-08-15,5666,2
1825,Global,07-08-15,5666,0
1826,Global,10-08-15,5666,0
1827,Global,11-08-15,5666,0
1828,Global,12-08-15,5666,0
1829,Global,13-08-15,5666,0
1830,Global,14-08-15,5667,1
1831,Global,17-08-15,5667,0
1832,Global,18-08-15,5667,0
1833,Global,19-08-15,5667,0
1834,Global,20-08-15,5669,2
1835,Global,21-08-15,5669,0
1836,Global,24-08-15,5670,1
1837,Global,25-08-15,5670,0
1838,Global,26-08-15,5670,0
1839,Global,27-08-15,5671,1
1840,Global,28-08-15,5671,0
1841,Global,31-08-15,5672,1
1842,Global,01-09-15,5673,1
1843,Global,02-09-15,5673,0
1844,Global,03-09-15,5673,0
1845,Global,04-09-15,5673,0
1846,Global,07-09-15,5674,1
1847,Global,08-09-15,5674,0
1848,Global,09-09-15,5674,0
1849,Global,10-09-15,5674,0
1850,Global,11-09-15,5674,0
1851,Global,14-09-15,5674,0
1852,Global,15-09-15,5674,0
1853,Global,16-09-15,5674,0
1854,Global,17-09-15,5676,2
1855,Global,18-09-15,5677,1
1856,Global,21-09-15,5677,0
1857,Global,22-09-15,5677,0
1858,Global,23-09-15,5677,0
1859,Global,24-09-15,5678,1
1860,Global,25-09-15,5678,0
1861,Global,28-09-15,5678,0
1862,Global,29-09-15,5678,0
1863,Global,30-09-15,5678,0
1864,Global,01-10-15,5678,0
1865,Global,02-10-15,5678,0
1866,Global,05-10-15,5679,1
1867,Global,06-10-15,5679,0
1868,Global,07-10-15,5679,0
1869,Global,08-10-15,5679,0
1870,Global,09-10-15,5679,0
1871,Global,13-10-15,5679,0
1872,Global,15-10-15,5679,0
1873,Global,16-10-15,5680,1
1874,Global,20-10-15,5680,0
1875,Global,22-10-15,5680,0
1876,Global,23-10-15,5680,0
1877,Global,26-10-15,5680,0
1878,Global,27-10-15,5680,0
1879,Global,29-10-15,5681,1
1880,Global,30-10-15,5681,0
1881,Global,03-11-15,5681,0
1882,Global,05-11-15,5681,0
1883,Global,06-11-15,5681,0
1884,Global,10-11-15,5681,0
1885,Global,11-11-15,5681,0
1886,Global,12-11-15,5681,0
1887,Global,16-11-15,5681,0
1888,Global,17-11-15,5681,0
1889,Global,20-11-15,5681,0
1890,Global,24-11-15,5681,0
1891,Global,26-11-15,5681,0
1892,Global,01-12-15,5681,0
1893,Global,02-12-15,5681,0
1894,Global,03-12-15,5681,0
1895,Global,09-12-15,5681,0
1896,Global,10-12-15,5681,0
1897,Global,11-12-15,5681,0
1898,Global,15-12-15,5681,0
1899,Global,16-12-15,5681,0
1900,Global,17-12-15,5681,0
1901,Global,22-12-15,5681,0
1902,Global,23-12-15,5681,0
1903,Global,29-12-15,5683,0
1904,Global,23-03-16,5683,0

